2000,2001,2002,2003,2004,2005,2006,2007,2008,2009,2010,2011,2012,2013,2014
,38.55,37.078,26.847,20.834,27.484,26.847,39.295,27.484,36.352,33.51,4.375,3.036,13.083,28.778
,37.078,37.078,26.847,20.834,27.484,26.216,39.295,26.847,35.632,32.815,4.668,2.794,13.083,28.778
,37.078,37.078,25.592,20.834,27.484,26.216,39.295,26.216,34.918,31.444,5.278,1.717,13.083,28.778
,37.078,37.078,25.592,19.711,26.847,25.592,39.295,25.592,34.211,30.098,5.278,1.529,12.623,28.778
,36.352,37.078,25.592,19.16,25.592,25.592,38.55,25.592,34.211,30.098,5.278,1.351,11.284,28.778
,35.632,37.078,24.363,19.16,24.363,24.974,37.811,25.592,33.51,30.098,5.278,1.351,9.198,28.778
,35.632,37.811,23.758,19.16,23.758,24.974,37.078,24.974,33.51,30.768,4.969,1.182,8.803,28.778
,37.078,38.55,23.16,19.16,23.16,24.363,36.352,24.974,33.51,28.128,4.668,1.182,8.416,28.778
,34.211,39.295,22.569,18.616,22.569,24.363,34.918,24.363,32.815,26.847,4.668,1.182,8.416,28.778
,33.51,40.046,22.569,18.616,21.984,24.363,34.211,24.363,32.126,26.847,4.09,1.182,5.278,28.778
,32.815,40.046,21.984,18.616,21.984,24.363,33.51,24.363,32.126,26.216,3.814,1.182,5.278,28.778
,32.126,40.803,21.984,18.616,21.984,23.758,33.51,23.758,30.768,26.216,3.546,1.024,5.278,28.778
,32.126,39.295,21.406,18.078,21.984,23.758,32.126,23.758,29.435,26.216,3.287,1.024,5.278,28.778
,32.126,37.078,20.834,17.547,21.984,23.758,32.126,24.363,28.778,25.592,2.794,0.875,5.92,28.778
,32.126,37.078,20.834,17.547,21.984,23.758,32.126,26.216,28.128,24.363,2.794,0.875,7.664,28.778
,32.126,40.803,19.711,17.547,22.569,25.592,34.918,26.847,27.484,23.758,2.561,0.875,8.037,28.778
,30.098,44.681,19.711,17.024,21.984,25.592,35.632,26.847,25.592,22.569,2.561,0.736,6.595,28.778
,30.768,44.681,19.16,17.024,23.16,24.363,36.352,26.847,25.592,22.569,2.561,0.608,6.253,28.778
,30.098,42.336,19.16,17.547,23.16,23.16,36.352,27.484,25.592,21.984,2.336,0.608,6.253,28.778
,29.435,39.295,18.616,18.078,23.758,23.16,34.211,28.128,24.363,21.984,2.336,0.608,5.278,28.128
,28.778,38.55,17.547,18.616,23.758,21.984,30.768,28.128,23.16,21.984,2.336,0.608,5.278,28.128
,28.778,37.811,17.547,19.711,23.758,21.984,30.768,28.128,21.984,23.16,2.121,0.491,5.278,26.847
,28.128,37.811,17.024,19.711,23.16,21.406,32.126,26.847,23.16,23.16,2.121,0.491,5.278,27.484
,28.778,36.352,17.024,20.834,23.16,20.834,32.126,26.847,24.363,27.484,2.121,0.29,4.969,27.484
,28.778,34.211,16.507,21.984,21.984,20.269,32.126,26.216,26.216,30.098,2.121,0.29,4.668,27.484
,28.128,30.768,18.078,23.16,21.406,20.269,31.444,26.216,26.216,29.435,1.717,0.29,4.668,26.847
,28.128,30.098,19.711,23.16,20.834,20.269,31.444,25.592,26.216,26.847,1.529,0.29,4.668,26.847
,27.484,29.435,19.711,21.984,20.834,19.711,30.768,24.974,26.216,28.778,1.529,0.207,4.375,26.216
,27.484,28.778,20.269,21.406,20.834,18.616,30.098,23.758,26.216,26.847,1.351,0.136,3.814,26.216
,27.484,28.778,19.711,20.834,21.984,18.078,29.435,22.569,26.216,24.363,1.182,0.136,3.287,26.216
,26.847,28.778,19.16,19.711,20.834,18.078,28.128,22.569,26.216,23.758,1.024,0.079,3.036,26.216
,26.847,28.128,19.16,19.711,19.711,18.078,28.128,21.984,26.216,23.16,1.024,0.079,2.794,24.974
,25.592,27.484,19.16,19.711,18.616,18.078,26.847,21.406,25.592,22.569,0.875,0.079,2.794,24.974
,23.16,27.484,18.616,19.711,18.078,19.16,26.847,20.834,24.974,21.406,0.875,0.035,2.794,24.363
,23.758,27.484,18.616,19.711,17.547,20.269,26.847,20.269,23.16,20.834,0.736,0.035,2.561,24.363
,23.16,15.493,16.507,19.711,16.507,20.834,26.216,19.711,22.569,20.834,0.608,0.304,2.561,24.363
,23.758,25.592,15.996,19.711,16.507,21.406,26.216,19.16,23.16,18.078,0.608,0.304,2.336,23.758
,23.758,25.592,15.996,19.711,15.996,20.834,26.216,19.16,23.16,20.269,0.608,0.304,2.336,23.758
,23.16,24.974,15.996,19.16,15.996,19.711,25.592,19.16,22.569,20.269,0.736,0.368,2.336,23.758
,23.16,24.363,15.996,18.616,15.996,19.711,25.592,19.16,21.984,19.711,0.736,0.368,2.336,22.569
,23.16,24.363,15.996,18.078,15.493,18.616,25.592,18.616,21.984,19.16,0.736,0.368,2.336,22.569
,23.16,24.363,15.493,17.547,15.493,17.547,24.363,18.616,21.406,19.16,0.608,0.304,2.336,21.984
,23.758,23.758,15.493,17.547,14.508,17.547,24.974,18.078,20.834,19.711,0.491,0.2455,2.336,22.569
,24.974,23.16,14.997,17.547,14.508,16.507,25.592,18.078,18.616,20.834,0.385,0.1925,2.336,21.984
,26.847,23.16,14.997,18.078,14.026,16.507,24.974,18.078,17.024,22.569,0.29,0.145,2.336,21.406
,32.126,23.16,14.508,16.507,14.026,15.493,24.974,18.078,16.507,23.16,0.29,0.145,2.336,20.834
,31.444,23.16,14.026,15.493,14.026,15.493,24.363,18.078,16.507,24.363,0.29,0.145,2.121,21.406
,29.435,21.984,13.551,14.508,13.551,14.997,24.363,18.078,16.507,24.363,0.207,0.1035,2.121,20.834
,28.778,21.984,13.551,14.508,13.551,14.997,23.758,17.547,16.507,23.758,0.207,0.1035,2.121,20.834
,26.847,21.984,13.551,14.026,13.551,14.997,24.974,17.547,17.547,23.758,0.136,0.068,2.121,20.834
,24.974,21.984,13.551,14.026,13.083,14.508,28.128,16.507,17.547,22.569,0.136,0.068,2.121,20.834
,24.363,23.16,13.551,13.551,12.169,14.508,28.778,15.996,17.547,21.984,0.136,0.068,2.121,20.269
,23.16,23.16,13.083,13.083,12.169,14.508,28.778,15.996,18.078,21.406,0.079,0.0395,2.121,19.711
,22.569,23.16,12.623,12.623,12.169,14.508,27.484,15.996,18.616,20.269,0.079,0.0395,1.914,19.711
,21.984,23.758,12.623,12.623,11.723,16.507,26.847,13.551,18.616,19.16,0.079,0.0395,1.351,19.711
,21.406,23.16,12.623,12.623,11.723,16.507,25.592,10.427,19.711,19.16,0.035,0.0175,0.736,19.711
,21.406,22.569,12.623,11.723,11.284,15.996,28.778,10.01,19.711,21.406,0.035,0.0175,0.736,19.711
,21.406,22.569,13.083,11.723,11.284,15.493,28.778,10.01,19.711,28.128,0.008,0.004,0.736,19.711
,20.834,20.834,13.551,11.723,10.852,15.493,26.847,10.01,19.711,28.128,0.008,0.004,0.736,18.616
,,,,11.723,,,,9.198,,,,,,
,,,,,,,,,,,,,,
,,,,,,,,,,,,,,
,21.406,15.493,14.508,11.723,10.427,14.508,26.847,9.198,19.711,26.847,23.279,25.063,0.736,18.616
,20.834,19.16,21.984,11.723,10.01,13.551,26.216,9.198,19.711,24.363,22.037,23.2,0.736,18.078
,20.834,18.616,26.847,11.284,10.01,13.551,26.216,9.198,19.711,23.16,21.4355,22.29775,0.736,18.078
,20.269,18.616,25.592,11.284,9.6,13.083,25.592,9.198,19.711,22.569,21.14,21.8545,0.736,18.078
,20.269,18.078,24.363,11.284,9.6,12.169,24.363,8.803,19.711,21.984,20.8475,21.41575,0.736,17.547
,19.711,18.616,24.363,11.284,9.6,11.723,23.16,8.416,20.269,21.406,20.8375,21.12175,0.736,17.547
,19.16,19.711,21.984,11.284,9.6,11.723,21.984,8.416,20.834,21.406,21.12,21.263,0.736,17.547
,18.078,21.984,19.711,11.284,9.198,10.852,20.834,8.416,22.569,22.569,22.569,22.569,0.736,15.493
,17.547,23.758,18.616,10.852,9.198,10.852,17.547,8.416,21.406,20.834,21.12,20.977,0.736,15.493
,17.547,23.758,17.547,10.852,9.198,10.01,17.024,8.416,21.406,20.834,21.12,20.977,0.736,15.493
,17.547,23.16,16.507,10.852,9.198,10.01,16.507,8.416,21.984,20.269,21.1265,20.69775,0.736,18.078
,17.547,24.363,16.507,10.852,8.803,10.427,15.996,9.198,20.834,20.269,20.5515,20.41025,0.736,21.984
,17.547,23.16,15.493,10.852,8.803,10.427,15.996,9.198,19.711,20.269,19.99,20.1295,1.529,21.984
,17.547,21.984,15.493,10.852,9.198,10.852,15.493,9.198,19.16,19.711,19.4355,19.57325,1.717,22.569
,17.024,20.834,14.508,10.852,9.198,13.551,13.083,9.198,19.16,19.711,19.4355,19.57325,1.717,22.569
,19.711,19.711,12.623,10.852,10.01,13.551,14.508,9.6,19.16,19.711,19.4355,19.57325,1.717,23.16
,19.711,18.616,14.997,10.427,11.723,18.616,14.508,10.427,19.16,19.711,19.4355,19.57325,1.914,23.16
,20.834,19.16,15.493,10.427,13.551,18.616,14.508,10.427,18.078,19.711,18.8945,19.30275,1.914,23.758
,20.834,18.616,15.996,10.427,23.16,17.547,14.997,10.01,17.547,19.16,18.3535,18.75675,2.121,24.363
,24.363,18.616,17.547,10.01,25.592,17.547,14.508,10.01,18.078,18.078,18.078,18.078,2.121,24.363
,55.47,19.16,20.269,9.6,26.216,18.616,14.508,9.198,19.711,17.547,18.629,18.088,2.121,25.592
,34.918,20.269,19.711,10.01,30.098,18.616,15.493,9.198,19.711,15.996,17.8535,16.92475,2.121,28.778
,33.51,20.269,26.847,12.169,31.444,19.711,16.507,10.01,20.269,14.997,17.633,16.315,2.121,30.098
,33.51,20.269,28.778,13.551,33.51,20.269,17.024,10.01,20.269,16.507,18.388,17.4475,2.121,30.098
,33.51,19.711,30.098,13.551,34.918,20.834,17.024,10.01,19.16,22.569,20.8645,21.71675,2.121,30.098
,32.126,19.711,26.216,13.083,31.444,21.984,18.078,10.01,19.16,23.16,21.16,22.16,2.121,30.768
,31.444,19.711,26.847,12.623,23.758,21.406,19.16,9.198,19.16,21.406,20.283,20.8445,2.121,30.768
,30.768,23.16,26.847,12.169,23.758,19.16,19.711,8.416,20.269,14.997,17.633,16.315,2.121,30.768
,30.768,25.592,25.592,12.169,18.078,18.078,23.16,8.416,21.984,15.493,18.7385,17.11575,2.121,30.768
,30.098,23.16,24.363,11.723,17.547,18.078,25.592,8.416,23.16,16.507,19.8335,18.17025,2.184,31.444
,30.098,22.569,23.758,10.427,16.507,18.616,26.847,8.416,23.16,15.996,19.578,17.787,2.121,32.126
,30.098,22.569,23.16,9.6,16.507,19.711,28.128,8.037,24.363,15.493,15.96433333,0.136,2.121,32.126
,15.493,23.16,20.834,9.198,15.996,19.711,29.435,8.416,26.216,15.493,16.70833333,0.207,2.121,32.126
,23.16,24.974,19.711,9.198,14.508,19.711,29.435,9.198,25.592,14.997,16.59566667,0.207,2.121,32.126
,23.16,22.569,19.711,9.198,14.508,21.984,27.484,11.284,23.758,14.997,16.67966667,0.207,1.351,32.126
,21.984,24.363,18.616,9.6,14.026,26.216,25.592,13.083,23.758,14.997,17.27933333,0.136,0.608,32.815
,22.569,26.216,18.078,10.01,13.551,23.16,25.592,13.551,21.984,16.507,17.34733333,0.136,0.491,32.815
,21.984,22.569,18.616,10.01,12.623,17.547,30.098,13.083,18.616,18.078,16.59233333,0.136,0.491,32.815
,21.984,28.128,17.547,9.6,11.723,16.507,29.435,12.169,19.16,19.16,16.82966667,0.136,0.29,35.632
,22.569,34.918,16.507,10.01,11.284,19.711,28.128,16.507,19.16,21.406,19.02433333,0.079,0.035,37.811
,23.16,32.126,15.493,10.427,10.852,17.547,26.847,18.078,19.16,22.569,19.93566667,0.035,9.985333333,39.295
,23.758,30.768,15.493,12.623,10.852,11.723,25.592,21.984,19.16,23.16,21.43466667,0.035,10.73483333,39.295
,23.758,29.435,17.547,12.623,10.427,11.723,24.363,26.847,21.984,19.711,22.84733333,0.008,11.42766667,40.046
,28.128,30.768,15.493,12.623,10.01,10.852,24.363,29.435,26.216,20.269,25.30666667,22.78783333,24.04725,40.046
,24.974,29.435,15.493,13.083,10.01,10.852,24.363,28.778,33.51,20.269,27.519,23.894,25.7065,40.046
,24.974,28.778,28.128,12.623,10.01,10.852,24.974,42.336,38.55,20.269,33.71833333,26.99366667,30.356,40.046
,24.363,26.216,37.811,12.169,9.6,12.169,24.363,40.803,40.803,19.16,33.58866667,26.37433333,29.9815,40.046
,24.363,24.974,40.803,11.723,9.6,15.493,23.758,34.918,42.336,19.16,32.138,25.649,28.8935,40.046
,23.758,23.758,40.046,10.852,10.01,16.507,24.363,28.128,42.336,18.616,29.69333333,24.15466667,26.924,40.803
,23.758,21.984,36.352,10.852,10.01,14.508,24.974,26.847,42.336,18.078,29.087,23.5825,26.33475,40.803
,23.16,20.834,33.51,10.852,10.852,14.508,25.592,25.592,41.566,17.547,28.235,22.891,25.563,40.803
,20.834,20.834,33.51,10.852,11.723,14.508,24.974,25.592,42.336,17.024,28.31733333,22.67066667,25.494,39.295
,19.711,20.269,40.803,11.723,11.723,14.508,21.406,21.984,40.803,17.024,26.60366667,21.81383333,24.20875,40.046
,18.616,20.269,48.711,11.723,11.723,17.024,19.711,19.711,38.55,18.078,25.44633333,21.76216667,23.60425,41.566
,18.616,23.758,45.475,11.723,13.083,16.507,18.616,19.711,35.632,17.547,24.29666667,20.92183333,22.60925,41.566
,18.078,24.363,41.566,11.723,14.508,16.507,17.547,20.269,32.126,21.984,24.793,23.3885,24.09075,42.336
,18.616,21.984,37.811,10.01,20.834,18.078,18.616,23.16,32.126,15.996,23.76066667,19.87833333,21.8195,44.3055
,23.16,19.711,40.803,10.01,23.16,20.834,24.363,23.16,32.126,15.996,23.76066667,19.87833333,21.8195,46.275
,21.984,18.616,37.811,10.01,24.363,20.834,25.592,24.363,32.126,15.493,23.994,19.7435,21.86875,47.893
,21.984,18.078,34.211,11.723,23.16,20.269,27.484,26.216,31.444,15.493,24.38433333,19.93866667,22.1615,48.711
,26.847,17.547,30.768,15.493,21.984,19.711,27.484,30.098,30.768,15.493,25.453,20.473,22.963,51.201
,,,,,,,,,,,,,,
,26.847,16.507,27.484,16.507,21.406,19.711,29.435,32.126,35.632,14.997,0.385,0.29,0.136,75.985
,28.778,15.493,25.592,16.507,21.406,20.834,28.128,37.811,35.632,14.026,0.385,0.29,0.207,80.013
,32.126,15.493,25.592,18.616,21.406,19.711,26.847,40.803,36.352,14.997,0.385,0.385,0.491,83.092
,32.126,14.997,24.363,30.098,23.758,17.547,25.592,43.893,36.352,16.507,0.385,0.385,1.024,89.402
,30.768,15.493,23.16,27.484,28.128,17.024,24.974,47.893,30.098,18.078,0.491,0.385,1.914,94.813
,26.847,16.507,21.984,23.16,43.893,15.493,24.363,57.219,29.435,19.711,0.491,0.385,2.121,95.912
,24.363,18.616,20.834,20.834,43.893,18.616,25.592,65.378,28.778,28.128,0.608,0.491,2.336,97.016
,23.758,18.616,19.711,20.834,53.744,20.834,30.768,72.048,28.778,32.815,0.736,0.608,2.561,97.016
,23.16,17.547,18.616,20.269,54.604,25.592,32.126,70.114,30.098,38.55,0.736,0.608,2.561,102.618
,22.569,16.507,18.078,18.616,43.893,27.484,45.475,70.114,30.098,40.803,0.736,0.385,5.278,102.618
,21.406,15.493,17.547,17.547,37.811,30.098,46.275,74.005,29.435,40.803,1.914,0.136,6.253,108.357
,22.569,14.508,17.547,16.507,33.51,30.098,47.081,82.06,30.098,43.111,2.336,0.136,5.595,114.23
,20.834,14.508,16.507,15.493,30.768,23.16,47.081,74.005,42.336,46.275,2.561,0.385,6.943,123.905
,28.778,13.551,15.996,14.508,26.847,24.363,55.47,68.202,42.336,48.711,2.794,1.351,21.984,132.65
,34.211,13.083,15.493,14.508,27.484,23.758,63.524,64.448,44.681,46.275,2.794,3.287,47.081,141.652
,43.893,13.551,15.493,14.508,29.435,22.569,64.448,64.448,45.475,45.475,3.287,4.668,48.711,142.959
,45.475,15.493,15.493,14.508,26.216,22.569,47.081,64.448,46.275,45.475,3.814,5.92,57.219,142.959
,48.711,17.547,15.493,22.569,25.592,26.216,44.681,69.155,45.475,46.275,4.375,6.253,57.219,144.271
,74.005,18.078,15.996,28.128,23.16,24.363,45.475,67.255,41.566,46.275,5.278,6.943,66.314,144.271
,69.155,17.547,16.507,26.216,21.984,24.363,47.081,63.524,30.768,46.275,30.098,10.852,66.314,145.588
,70.114,20.834,18.616,25.592,20.834,26.847,49.535,62.606,30.098,52.89,32.126,10.852,71.078,146.91
,71.078,23.758,17.024,24.363,21.406,26.847,50.365,55.47,30.098,65.378,32.815,11.284,75.985,160.419
,71.078,21.406,15.493,30.098,19.711,28.128,48.711,49.535,30.768,73.024,38.55,11.723,77.988,186.021
,69.155,20.834,14.508,23.16,19.16,28.128,47.081,47.081,30.768,75.985,57.219,8.803,78.997,207.06
,65.378,19.711,14.026,20.834,29.435,30.768,47.081,53.744,30.768,82.06,72.048,2.121,77.988,238.797
,64.448,18.616,14.508,28.128,36.352,37.811,47.081,62.606,30.768,70.114,72.048,1.914,81.034,242.078
,74.005,18.078,14.997,35.632,34.918,41.566,48.711,69.155,30.098,70.114,74.005,1.914,81.034,194.918
,76.984,17.547,14.997,36.352,37.811,40.803,50.365,75.985,30.098,75.985,74.993,2.121,82.06,197.924
,80.013,17.547,14.508,38.55,37.078,42.336,60.787,93.72,29.435,83.092,81.034,2.336,83.092,199.434
,80.013,17.547,14.508,43.893,36.352,42.336,68.202,113.044,28.128,90.473,83.092,3.036,83.092,193.423
,82.06,20.269,14.508,50.365,32.126,42.336,75.985,116.617,27.484,99.24,83.092,7.664,86.222,186.021
,84.13,23.16,13.551,46.275,32.126,36.352,74.005,127.621,26.216,102.618,85.173,11.284,86.222,203.995
,89.402,28.128,13.083,46.275,32.126,43.893,70.114,157.676,24.974,95.912,86.222,12.623,86.222,380.841
,87.277,40.803,13.551,47.893,33.51,53.744,74.005,156.312,23.758,88.337,87.277,17.547,88.337,376.844
,84.13,37.811,13.551,55.47,37.811,51.201,64.448,131.385,28.778,77.988,78.997,40.803,88.337,357.139
,82.06,37.811,13.083,48.711,37.811,68.202,63.524,132.65,34.918,77.988,66.314,73.024,88.337,279.443
,86.222,50.365,18.078,57.219,40.803,71.078,64.448,156.312,40.803,76.984,65.378,75.985,102.618,281.197
,92.632,48.711,31.444,58.102,43.893,72.048,67.255,161.798,42.336,94.813,78.997,76.984,290.035,279.443
,95.912,56.341,26.847,58.991,52.043,72.048,72.048,164.571,40.046,117.818,99.24,76.984,313.568,130.125
,103.755,59.886,25.592,60.787,67.255,74.005,75.985,165.966,40.046,160.419,113.044,73.024,311.73,127.621
,113.044,58.102,24.974,58.991,71.078,77.988,80.013,167.365,40.803,175.869,126.377,61.694,320.969,122.677
,117.818,58.991,24.974,67.255,74.005,77.988,75.985,173.015,41.566,167.365,131.385,60.787,328.444,125.139
,114.23,57.219,30.098,72.048,95.912,75.985,74.993,181.64,44.681,160.419,140.35,65.378,330.325,127.621
,113.044,59.886,43.893,72.048,106.045,74.005,86.222,184.556,43.111,184.556,126.377,74.993,334.1,140.35
,102.618,58.991,50.365,72.048,92.632,88.337,86.222,186.021,43.111,202.47,127.621,77.988,311.73,184.556
,100.361,63.524,57.219,76.984,98.125,92.632,84.13,211.696,43.893,187.491,126.377,84.13,343.618,330.325
,99.24,66.314,60.787,85.173,108.357,86.222,94.813,355.193,52.89,173.015,123.905,86.222,330.325,311.73
,108.357,70.114,52.043,84.13,108.357,81.034,141.652,339.797,55.47,202.47,116.617,203.995,311.73,302.608
,156.312,66.314,52.043,75.985,106.045,84.13,117.818,308.067,59.886,197.924,91.55,161.798,302.608,286.486
,187.491,64.448,48.711,74.005,148.238,99.24,145.588,242.078,61.694,187.491,75.985,146.91,304.423,275.951
,211.696,64.448,58.102,72.048,115.421,122.677,119.025,210.146,57.219,183.095,81.034,161.798,304.423,275.951
,205.525,72.048,65.378,74.005,111.864,139.054,152.252,210.146,56.341,194.918,85.173,170.18,306.243,282.955
,200.95,90.473,71.078,75.985,110.69,137.762,159.045,205.525,57.219,197.924,88.337,159.045,311.73,304.423
,230.679,80.013,70.114,88.337,108.357,122.677,156.312,194.918,57.219,219.52,120.237,139.054,313.568,343.618
,250.366,92.632,65.378,86.222,106.045,120.237,156.312,159.045,57.219,267.303,168.77,132.65,326.568,359.088
,281.197,89.402,64.448,85.173,99.24,114.23,156.312,142.959,54.604,353.253,190.447,120.237,345.536,353.253
,267.303,91.55,68.202,94.813,97.016,116.617,159.045,233.912,67.255,334.1,194.918,114.23,355.193,353.253
,257.083,91.55,70.114,110.69,95.912,108.357,173.015,330.325,93.72,347.458,196.419,114.23,359.088,332.21
,248.699,106.045,74.005,127.621,113.044,127.621,187.491,388.888,84.13,335.994,197.924,114.23,378.84,335.994
,237.164,113.044,92.632,139.054,149.571,48.711,184.556,284.718,84.13,335.994,186.021,114.23,394.971,353.253
,230.679,123.905,77.988,164.571,137.762,153.6,184.556,149.571,103.755,363.002,161.798,120.237,386.869,355.193
,,,,,,,,,,,,,,
,214.81,127.621,170.18,205.525,133.92,135.196,194.918,154.954,106.045,380.841,145.588,119.025,399.049,364.966
,202.47,141.652,174.439,199.434,115.421,126.377,200.95,160.419,86.222,343.618,122.677,120.237,399.049,390.911
,200.95,142.959,159.045,137.762,70.114,108.357,202.47,149.571,74.005,341.705,117.818,126.377,394.971,397.008
,196.419,132.65,170.18,130.125,99.24,101.487,194.918,141.652,92.632,343.618,111.864,159.045,397.008,453.708
,197.924,122.677,170.18,117.818,108.357,102.618,290.035,154.954,94.813,343.618,109.52,146.91,419.711,473.334
,233.912,145.588,142.959,99.24,117.818,102.618,306.243,161.798,75.985,335.994,107.198,145.588,430.212,388.888
,243.726,181.64,164.571,101.487,148.238,122.677,293.604,164.571,71.078,335.994,102.618,144.271,430.212,525.116
,253.715,173.015,173.015,127.621,145.588,150.909,320.969,163.182,66.314,317.259,91.55,145.588,399.049,529.729
,211.696,184.556,175.869,164.571,108.357,290.035,339.797,164.571,58.102,267.303,91.55,148.238,388.888,536.68
,196.419,171.595,159.045,187.491,113.044,247.036,359.088,184.556,74.005,253.715,81.034,148.238,388.888,534.359
,184.556,175.869,161.798,355.193,117.818,326.568,284.718,214.81,75.985,300.798,80.013,149.571,378.84,539.006
,196.419,224.273,205.525,374.853,137.762,345.536,300.798,238.797,71.078,302.608,78.997,159.045,374.853,541.337
,200.95,205.525,199.434,230.679,125.139,361.043,447.246,217.945,69.155,275.951,77.988,170.18,374.853,541.337
,190.447,186.021,,196.419,120.237,298.992,598.567,200.95,68.202,275.951,227.466,173.015,368.907,553.054
,216.375,175.869,,257.083,109.52,274.212,493.319,187.491,69.155,270.748,240.435,184.556,370.885,553.054
,225.867,164.571,,222.684,110.69,242.078,347.458,164.571,76.984,258.774,253.715,197.924,374.853,564.879
,202.47,156.312,,224.273,145.588,257.083,574.418,184.556,82.06,258.774,240.435,202.47,349.385,564.879
,274.212,156.312,,240.435,199.434,250.366,390.911,208.6,80.013,255.396,232.293,210.146,339.797,569.64
,502.316,148.238,,237.164,203.995,243.726,347.458,229.07,94.813,257.083,290.035,202.47,335.994,574.418
,432.326,145.588,200.95,247.036,205.525,240.435,308.067,250.366,113.044,258.774,298.992,173.015,335.994,576.813
,317.259,137.762,193.423,214.81,222.684,240.435,257.083,324.697,159.045,267.303,194.918,163.182,384.855,572.027
,319.112,140.35,202.47,193.423,248.699,240.435,291.817,366.934,168.77,270.748,174.439,167.365,407.26,564.879
,298.992,148.238,187.491,194.918,230.679,277.695,270.748,262.171,184.556,260.47,164.571,180.19,434.444,559.899
,302.608,153.6,217.945,184.556,199.434,300.798,269.023,313.568,205.525,313.568,180.19,187.491,440.825,541.337
,324.697,153.6,194.918,170.18,202.47,291.817,274.212,458.038,217.945,382.846,181.64,190.447,451.55,541.337
,328.444,196.419,214.81,173.015,205.525,274.212,253.715,421.803,208.6,370.885,177.305,202.47,458.038,546.01
,332.21,175.869,224.273,174.439,211.696,284.718,260.47,423.898,205.525,428.103,177.305,216.375,415.543,548.354
,328.444,237.164,221.099,173.015,200.95,315.411,202.47,384.855,202.47,409.324,184.556,225.867,409.324,553.054
,403.145,240.435,202.47,177.305,178.745,330.325,279.443,372.867,199.434,351.316,202.47,214.81,419.711,560.136
,399.049,233.912,199.434,214.81,180.19,401.095,270.748,370.885,193.423,320.969,232.293,188.967,415.543,567.257
,436.566,211.696,194.918,164.571,227.466,534.359,277.695,364.966,170.18,284.718,302.608,180.19,411.392,567.257
,453.708,211.696,191.932,149.571,242.078,610.802,311.73,324.697,180.19,267.303,309.896,165.966,409.324,567.257
,534.359,211.696,187.491,146.91,227.466,529.729,349.385,309.896,181.64,258.774,306.243,187.491,440.825,567.257
,581.617,190.447,177.305,161.798,258.774,357.139,417.625,394.971,165.966,272.477,281.197,281.197,451.55,567.257
,497.808,187.491,173.015,164.571,302.608,378.84,315.411,378.84,164.571,253.715,250.366,355.193,451.55,567.257
,449.396,227.466,196.419,181.64,298.992,359.088,335.994,337.893,167.365,245.379,265.587,306.243,453.708,567.257
,477.744,267.303,186.021,217.945,374.853,378.84,543.671,349.385,202.47,242.078,272.477,330.325,455.871,541.337
,403.145,202.47,207.06,149.571,370.885,345.536,397.008,386.869,202.47,260.47,295.395,334.1,455.871,567.257
,384.855,187.491,210.146,291.817,436.566,355.193,345.536,382.846,205.525,274.212,368.907,334.1,458.038,588.855
,363.002,180.19,252.038,232.293,339.797,681.296,343.618,366.934,196.419,288.258,419.711,343.618,460.21,588.855
,378.84,167.365,255.396,233.912,341.705,601.005,335.994,353.253,200.95,332.21,376.844,359.088,460.21,591.277
,451.55,157.676,247.036,214.81,411.392,596.132,328.444,339.797,207.06,445.101,353.253,324.697,451.55,809.827
,335.994,163.182,232.293,207.06,438.693,640.605,309.896,317.259,210.146,451.55,332.21,328.444,453.708,826.567
,275.951,159.045,224.273,197.924,460.21,618.195,284.718,319.112,221.099,484.392,351.316,378.84,447.246,686.458
,302.608,164.571,260.47,175.869,374.853,643.116,258.774,359.088,230.679,473.334,270.748,380.841,378.84,543.671
,320.969,167.365,302.608,175.869,272.477,506.841,265.587,399.049,225.867,455.871,253.715,363.002,361.043,539.006
,281.197,168.77,265.587,177.305,347.458,462.386,270.748,484.392,221.099,447.246,242.078,363.002,339.797,557.771
,281.197,175.869,309.896,161.798,306.243,620.668,286.486,405.2,216.375,440.825,232.293,355.193,330.325,567.257
,432.326,205.525,324.697,187.491,250.366,608.347,315.411,405.2,196.419,430.212,224.273,320.969,326.568,572.027
,359.088,217.945,306.243,394.971,250.366,586.438,298.992,386.869,263.877,411.392,210.146,258.774,320.969,475.536
,332.21,253.715,253.715,351.316,306.243,511.383,267.303,436.566,407.26,409.324,217.945,343.618,311.73,372.867
,339.797,250.366,267.303,306.243,339.797,415.543,326.568,511.383,330.325,339.797,265.587,464.567,378.84,355.193
,440.825,274.212,194.918,210.146,258.774,671.021,317.259,874.801,320.969,332.21,265.587,495.561,425.998,337.893
,588.855,275.951,317.259,190.447,230.679,749.722,449.396,488.846,237.164,306.243,304.423,511.383,390.911,337.893
,432.326,281.197,288.258,178.745,222.684,630.602,462.386,388.888,288.258,284.718,382.846,302.608,394.971,363.002
,378.84,295.395,248.699,233.912,224.273,625.627,413.465,409.324,288.258,263.877,378.84,247.036,366.934,357.139
,343.618,297.191,237.164,335.994,225.867,613.262,345.536,388.888,347.458,260.98,322.831,242.078,349.385,330.325
,306.243,300.798,258.774,343.618,409.324,635.595,372.867,399.049,401.095,364.966,293.604,233.912,376.844,345.536
,286.486,258.774,258.774,364.966,403.145,596.132,449.396,421.803,324.697,380.841,263.877,222.684,399.049,349.385
,298.992,221.099,270.748,368.907,382.846,506.841,364.966,413.465,313.568,335.994,671.021,243.726,317.259,359.088
,302.608,243.726,208.6,315.411,311.73,462.386,515.943,468.941,295.395,302.608,363.002,295.395,267.303,359.088
,482.172,274.212,233.912,370.885,320.969,468.941,484.392,390.911,332.21,572.027,357.139,423.898,263.877,359.088
,468.941,282.955,335.994,601.005,306.243,466.752,500.06,417.625,332.21,640.605,330.325,608.347,279.443,443.895
,633.097,302.608,341.705,343.618,258.774,471.135,529.729,413.465,317.259,596.132,332.21,513.661,297.191,405.426
,605.895,302.608,242.078,372.867,242.078,407.26,473.334,419.711,269.023,623.145,343.618,473.334,378.84,426.087
,557.771,311.73,267.303,320.969,237.164,339.797,368.907,449.396,267.303,567.257,349.385,473.334,415.543,444.4385
,696.834,306.243,243.726,253.715,277.695,449.396,257.083,397.008,233.912,525.116,343.618,462.386,378.84,420.613
,650.676,237.164,211.696,233.912,317.259,430.212,245.379,368.907,238.797,546.01,355.193,468.941,378.84,423.8905
,744.358,202.47,181.64,202.47,300.798,415.543,252.038,357.139,227.466,760.501,361.043,392.939,384.855,388.897
,628.112,190.447,184.556,221.099,260.47,386.869,411.392,339.797,260.47,567.257,484.392,366.934,378.84,372.887
,591.277,199.434,210.146,242.078,488.846,370.885,392.939,330.325,237.164,511.383,495.561,588.855,366.934,477.8945
,543.671,199.434,196.419,224.273,324.697,484.392,368.907,334.1,237.164,591.277,434.444,468.941,374.853,421.897
,511.383,247.036,207.06,205.525,529.729,423.898,366.934,328.444,247.036,608.347,413.465,518.23,378.84,448.535
,502.316,250.366,265.587,253.715,613.262,506.841,366.934,343.618,230.679,576.813,361.043,495.561,366.934,431.2475
,436.566,258.774,306.243,213.25,596.132,495.561,359.088,347.458,214.81,576.813,330.325,409.324,359.088,384.206
,332.21,258.774,,184.556,491.08,495.561,361.043,317.259,187.491,782.258,355.193,320.969,361.043,341.006
,332.21,242.078,,288.258,421.803,527.42,366.934,284.718,174.439,889.213,541.337,368.907,313.568,341.2375
,272.477,211.696,,205.525,411.392,536.68,363.002,242.078,170.18,598.567,567.257,425.998,462.386,444.192
,272.477,190.447,,187.491,382.846,529.729,357.139,175.869,170.18,451.55,479.955,409.324,319.112,364.218
,233.912,174.439,,309.896,515.943,502.316,339.797,335.994,170.18,363.002,399.049,495.561,440.825,468.193
,214.81,170.18,,210.146,502.316,423.898,328.444,221.099,159.045,370.885,363.002,415.543,436.566,426.0545
,238.797,165.966,,202.47,430.212,359.088,337.893,217.945,159.045,355.193,339.797,449.396,430.212,439.804
,205.525,153.6,,194.918,409.324,332.21,315.411,214.81,150.909,328.444,339.797,462.386,428.103,445.2445
,199.434,156.312,,193.423,515.943,320.969,335.994,207.06,132.65,328.444,363.002,415.543,339.797,377.67
,199.434,165.966,,190.447,386.869,293.604,355.193,196.419,117.818,347.458,359.088,532.041,191.932,361.9865
,190.447,225.867,,190.447,374.853,284.718,378.84,187.491,117.818,370.885,347.458,776.794,202.47,489.632
,181.64,202.47,,225.867,300.798,270.748,351.316,184.556,125.139,445.101,407.26,790.485,242.078,516.2815
,230.679,193.423,,213.25,302.608,253.715,471.135,196.419,122.677,359.088,423.898,699.439,248.699,474.069
,306.243,205.525,,263.877,306.243,260.47,525.116,183.095,126.377,353.253,445.101,633.097,258.774,445.9355
,240.435,221.099,,237.164,332.21,277.695,376.844,165.966,140.35,364.966,638.098,364.966,237.164,301.065
,221.099,242.078,,216.375,330.325,288.258,324.697,163.182,184.556,363.002,596.132,330.325,242.078,286.2015
,193.423,214.81,,233.912,320.969,250.366,293.604,154.954,232.293,306.243,676.15,343.618,213.25,278.434
,,,,,,,,,,,,,,
,221.099,167.365,,232.293,267.303,240.435,349.385,152.252,248.699,315.411,555.41,368.907,194.918,281.9125
,233.912,150.909,,217.945,243.726,272.477,337.893,148.238,230.679,335.994,451.55,330.325,191.932,261.1285
,214.81,144.271,,214.81,207.06,243.726,376.844,148.238,210.146,328.444,415.543,339.797,187.491,263.644
,184.556,137.762,,202.47,187.491,221.099,502.316,146.91,196.419,313.568,386.869,243.726,181.64,212.683
,164.571,120.237,,227.466,173.015,202.47,351.316,95.912,173.015,282.955,376.844,200.95,181.64,191.295
,159.045,108.357,,240.435,173.015,190.447,320.969,94.813,164.571,258.774,281.197,170.18,214.81,192.495
,156.312,106.045,,315.411,156.312,177.305,290.035,90.473,178.745,250.366,170.18,164.571,330.325,247.448
,186.021,95.912,,227.466,173.015,181.64,252.038,90.473,184.556,225.867,149.571,164.571,388.888,276.7295
,186.021,82.06,,227.466,202.47,184.556,210.146,87.277,167.365,205.525,142.959,156.312,413.465,284.8885
,186.021,74.005,,343.618,214.81,202.47,193.423,86.222,175.869,186.021,120.237,145.588,430.212,287.9
,202.47,66.314,,293.604,196.419,199.434,175.869,86.222,187.491,167.365,110.69,142.959,430.212,286.5855
,409.324,58.991,,413.465,205.525,187.491,156.312,94.813,221.099,153.6,108.357,142.959,451.55,297.2545
,275.951,60.787,,438.693,199.434,175.869,148.238,97.016,225.867,142.959,98.125,140.35,409.324,274.837
,281.197,61.694,,378.84,178.745,161.798,149.571,94.813,291.817,126.377,88.337,114.23,386.869,250.5495
186.021,270.748,58.991,,309.896,167.365,148.238,142.959,83.092,355.193,122.677,75.985,107.198,366.934,237.066
221.099,275.951,57.219,,240.435,156.312,146.91,152.252,75.985,313.568,110.69,69.155,97.016,252.038,174.527
202.47,263.877,60.787,,202.47,142.959,145.588,139.054,73.024,262.171,99.24,63.524,91.55,230.679,161.1145
187.491,322.831,58.991,,187.491,137.762,139.054,139.054,71.078,208.6,86.222,55.47,88.337,217.945,153.141
177.305,384.855,57.219,,173.015,117.818,135.196,142.959,69.155,202.47,75.985,54.604,75.985,199.434,137.7095
194.918,440.825,57.219,,150.909,106.045,120.237,145.588,66.314,196.419,78.997,53.744,69.155,194.918,132.0365
187.491,334.1,57.219,,140.35,99.24,115.421,141.652,65.378,173.015,77.988,52.043,65.378,177.305,121.3415
197.924,324.697,58.991,,131.385,101.487,106.045,137.762,65.378,153.6,68.202,52.043,61.694,160.419,111.0565
187.491,288.258,58.991,,110.69,99.24,101.487,125.139,64.448,126.377,66.314,52.043,64.448,156.312,110.38
177.305,237.164,58.102,,101.487,95.912,93.72,86.222,64.448,125.139,60.787,48.711,66.314,157.676,111.995
165.966,257.083,58.991,,86.222,90.473,91.55,74.005,64.448,116.617,57.219,44.681,60.787,157.676,109.2315
225.867,224.273,57.219,,72.048,95.912,97.016,70.114,64.448,104.897,52.89,43.893,58.102,163.182,110.642
233.912,243.726,61.694,,66.314,80.013,132.65,68.202,70.114,98.125,51.201,43.893,61.694,160.419,111.0565
233.912,237.164,60.787,,71.078,77.988,184.556,68.202,84.13,94.813,49.535,43.893,63.524,152.252,107.888
221.099,237.164,60.787,,71.078,77.988,247.036,66.314,81.034,88.337,47.893,43.893,68.202,145.588,106.895
207.06,208.6,59.886,,70.114,77.988,250.366,64.448,92.632,82.06,44.681,44.681,69.155,126.377,97.766
190.447,188.967,60.787,,69.155,75.985,243.726,60.787,98.125,80.013,43.893,43.893,69.155,123.905,96.53
171.595,168.77,66.314,,68.202,82.06,214.81,60.787,110.69,77.988,43.893,43.111,69.155,121.455,95.305
47.081,153.6,66.314,,68.202,84.13,191.932,58.991,122.677,74.993,43.893,43.111,70.114,120.237,95.1755
145.588,145.588,62.606,,68.202,77.988,159.045,57.219,159.045,73.024,43.111,42.336,73.024,91.55,82.287
135.196,137.762,59.886,,66.314,76.984,159.045,56.341,159.045,70.114,42.336,43.111,75.985,62.606,69.2955
120.237,130.125,54.604,,64.448,75.985,142.959,55.47,159.045,67.255,42.336,45.475,75.985,62.606,69.2955
104.897,106.045,52.89,,62.606,74.005,120.237,56.341,159.045,66.314,39.295,46.275,71.078,61.694,66.386
106.045,85.173,50.365,,60.787,71.078,102.618,53.744,157.676,63.524,37.078,47.081,71.078,59.886,65.482
107.198,84.13,49.535,,60.787,66.314,90.473,52.89,178.745,64.448,37.078,47.081,69.155,58.991,64.073
108.357,82.06,48.711,,57.219,65.378,77.988,52.89,190.447,58.991,33.51,47.893,66.314,55.47,60.892
107.198,81.034,47.081,,55.47,64.448,74.005,52.043,197.924,56.341,33.51,50.365,65.378,52.89,59.134
106.045,70.114,45.475,,53.744,61.694,74.993,51.201,187.491,55.47,26.847,57.219,63.524,52.89,58.207
103.755,74.005,43.893,,52.043,58.991,74.993,51.201,178.745,54.604,23.16,61.694,61.694,51.201,56.4475
98.125,70.114,43.111,,52.043,57.219,74.005,48.711,150.909,53.744,20.834,58.991,55.47,48.711,52.0905
90.473,70.114,42.336,,51.201,55.47,74.005,47.893,108.357,52.89,19.711,52.89,53.744,48.711,51.2275
86.222,69.155,40.803,,50.365,54.604,73.024,47.081,92.632,51.201,16.507,48.711,52.89,48.711,50.8005
91.55,69.155,40.803,,50.365,53.744,72.048,47.081,94.813,50.365,14.026,49.535,50.365,52.89,51.6275
91.55,66.314,40.803,,48.711,52.043,72.048,45.475,91.55,49.535,13.551,46.275,48.711,52.89,50.8005
91.55,64.448,40.803,,47.081,56.341,70.114,46.275,80.013,49.535,13.083,37.078,47.893,48.711,48.302
86.222,64.448,39.295,,47.081,65.378,70.114,42.336,77.988,48.711,13.083,30.098,47.081,48.711,47.896
82.06,65.378,38.55,,47.081,74.005,69.155,40.803,75.985,47.893,12.169,29.435,47.081,46.275,46.678
77.988,68.202,37.811,,46.275,73.024,70.114,40.046,74.993,47.081,12.169,28.778,47.081,47.081,47.081
77.988,72.048,37.078,,45.475,68.202,72.048,37.811,72.048,47.081,12.169,27.484,46.275,44.681,45.478
74.005,68.202,36.352,,45.475,62.606,71.078,36.352,68.202,45.475,13.083,26.847,46.275,44.681,45.478
75.985,66.314,36.352,,46.275,57.219,68.202,39.295,66.314,43.893,12.623,25.592,46.275,44.681,45.478
74.005,64.448,36.352,,52.043,52.043,67.255,43.893,68.202,43.111,13.083,10.852,46.275,44.681,45.478
72.048,62.606,36.352,,57.219,52.043,64.448,44.681,66.314,42.336,12.169,10.427,45.475,44.681,45.078
70.114,60.787,34.918,,52.89,49.535,60.787,44.681,60.787,40.803,12.623,10.01,45.475,44.681,45.078
67.255,57.219,34.918,,51.201,48.711,60.787,43.111,58.991,38.55,13.083,10.01,44.681,44.681,44.681
66.314,54.604,34.918,,48.711,47.081,58.102,42.336,56.341,37.811,12.623,10.01,43.893,44.681,44.287
64.448,52.043,34.211,,45.475,45.475,56.341,41.566,55.47,37.811,12.169,9.6,44.681,44.681,44.681
,,,,,,,,,,,,,,
62.606,52.043,34.211,,43.893,45.475,63.524,41.566,55.47,37.078,12.169,8.803,47.081,43.111,45.096
60.787,52.043,34.211,,42.336,45.475,55.47,40.803,54.604,40.803,12.623,8.803,47.081,40.803,43.942
60.787,50.365,33.51,,41.566,42.336,55.47,40.803,55.47,42.336,12.169,8.803,47.081,40.803,43.942
58.991,48.711,32.126,,41.566,42.336,58.991,40.046,55.47,41.566,11.723,8.037,46.275,40.803,43.539
57.219,48.711,32.126,,39.295,40.803,65.378,40.046,54.604,41.566,10.852,7.664,46.275,37.078,41.6765
55.47,47.081,31.444,,38.55,39.295,70.114,40.046,54.604,40.046,10.01,7.664,45.475,37.078,41.2765
52.043,45.475,30.768,,37.811,39.295,71.078,38.55,53.744,38.55,8.803,7.664,47.893,37.078,42.4855
53.744,45.475,30.098,,36.352,39.295,70.114,37.811,52.043,37.811,8.416,7.3,52.89,37.078,44.984
52.89,44.681,29.435,,36.352,39.295,68.202,37.078,50.365,37.078,8.037,6.253,52.89,35.632,44.261
52.043,43.111,28.128,,36.352,39.295,67.255,37.078,50.365,37.078,7.664,6.253,47.081,35.632,41.3565
52.043,43.111,27.484,,36.352,37.811,62.606,36.352,48.711,36.352,6.253,5.92,46.275,35.632,40.9535
50.365,42.336,27.484,,36.352,37.078,52.89,34.918,48.711,36.352,6.253,5.595,46.275,35.632,40.9535
52.043,42.336,27.484,,36.352,36.352,50.365,34.211,47.893,35.632,6.595,5.595,45.475,35.632,40.5535
55.47,40.803,27.484,,36.352,36.352,50.365,34.211,47.081,34.918,6.595,5.595,44.681,35.632,40.1565
58.102,40.803,27.484,,34.918,36.352,50.365,34.211,47.081,34.918,6.253,5.595,44.681,34.918,39.7995
57.219,40.046,29.435,,34.211,35.632,49.535,33.51,46.275,34.918,5.595,5.278,44.681,34.918,39.7995
53.744,39.295,34.918,,33.51,34.918,48.711,32.126,44.681,34.918,5.278,5.278,43.893,34.918,39.4055
50.365,39.295,36.352,,32.126,33.51,47.081,32.126,43.893,34.211,4.969,5.278,42.336,34.918,38.627
48.711,39.295,39.295,,30.098,32.126,47.081,32.126,43.893,34.211,4.969,5.278,41.566,34.918,38.242
47.893,39.295,38.55,,29.435,32.126,47.081,31.444,42.336,30.768,5.595,5.278,44.681,34.918,39.7995
47.081,37.078,36.352,,29.435,32.126,44.681,30.768,41.566,32.815,4.969,5.278,40.803,39.295,40.049
45.475,36.352,34.918,,28.128,31.444,43.111,30.768,40.046,32.815,4.969,4.969,48.711,39.295,44.003
44.681,37.078,33.51,,28.128,30.768,42.336,30.098,37.811,32.815,4.969,4.668,26.847,39.295,33.071
43.893,37.078,32.126,,28.778,30.768,40.803,30.098,36.352,34.211,4.668,3.814,32.126,38.55,35.338
45.475,37.078,32.126,,29.435,30.098,40.803,30.098,35.632,34.918,4.09,3.546,22.569,37.078,29.8235
44.681,37.078,30.768,,29.435,29.435,40.803,30.098,34.918,34.211,3.546,3.287,20.269,37.078,28.6735
43.893,37.078,28.778,,28.778,28.778,40.803,29.435,34.918,34.918,3.287,3.287,20.269,37.078,28.6735
43.111,37.078,28.128,,28.778,28.778,39.295,28.778,34.918,34.918,3.287,3.287,20.269,36.352,28.3105
40.803,37.078,27.484,,28.128,28.128,39.295,28.128,34.918,34.211,3.036,3.036,20.269,32.815,26.542
39.295,37.811,27.484,,28.128,28.128,39.295,28.128,36.352,34.211,3.036,3.036,18.078,30.098,24.088
39.295,37.811,26.847,,28.128,27.484,39.295,27.484,36.352,34.211,3.036,3.036,14.508,28.778,21.643
