1967,1968,1969,1970,1971,1972,1973,1974,1975,1976,1977,1978,1979,1980,1981,1982,1983
332,484,320,272,328,388,,358.5,,615,435.9,1058,462,324.467,334.6,,
340,476,320,264,328,384,,355,,605.8,425,1028,454.4,321.198,324.4,,
,460,316,257,324,380,,355,,596.6,418,980,450.7,314.711,314.4,,
,452,316,251,320,376,,351.6,,583,414.5,938,44.7,311.492,,,
,444,316,248,328,360,245,348.2,,560.5,404,896,443.3,305.105,,,
,436,308,245,332,356,239,341.4,,533.8,393.5,908,439.6,301.937,,362,
,428,368,245,340,348,,331.2,,525,386.5,872,432.2,292.531,,358.5,
,428,364,239,336,336,,321,,511.8,383,818,425,289.43,,355,
,412,312,236,324,328,,308,,503,369,783,421.5,283.276,,,
,404,284,233,324,316,,301.8,,494.4,358.5,739.2,418,277.19,,,
,396,284,230,316,308,,295.8,,486,348.2,679.4,414.5,271.17,,,268.185
,388,284,224,396,276,,290,,477.8,334.6,560.5,411,268.185,,,265.217
,380,284,221,288,304,,287.2,,473.8,324.4,511.8,404,265.217,,,259.33
,372,280,218,280,304,,284.4,,462,314.4,465.9,397,259.33,,,
,364,280,215,268,300,,281.6,,450.7,304.9,400.5,386.5,256.412,,,
,356,280,215,260,296,,278.8,215,44.3,295.8,355,383,253.511,,,
,348,276,215,257,292,,278.8,432.2,439.6,287.2,348.2,372.5,247.758,,,
,340,272,215,254,292,,276,215,435.9,284.4,334.6,369,244.906,,,
,332,264,215,254,284,,273.2,,435.9,284.4,324.4,365.5,239.253,,,
,324,264,215,248,276,,262,,432.2,278.8,321,362,236.452,,,
,316,257,215,242,260,,256.4,,432.2,278.8,317.7,358.5,233.667,,,
,308,257,215,239,257,,253.6,,432.2,276,311.2,355,228.147,,,
,300,257,215,233,254,,250.8,,432.2,,304.9,348.2,228.147,,,
,292,254,215,230,251,,245.2,,428.6,,304.8,372.5,222.694,,,
,284,254,215,227,251,,242.4,,428.6,,295.8,369,219.992,,,
,276,254,215,224,245,,239.6,,428.6,,290,358.5,217.307,,,
,268,254,212,221,242,,236.8,,425,,284.4,348.2,214.639,,,
,254,251,215,218,239,,234,,421,,278.8,331.2,211.988,,,
,248,248,212,212,230,,231.3,,418,,278.8,324.4,209.353,,,
,242,242,212,203,230,,225.9,,414.5,,273.2,314.4,206.734,,,
,236,239,212,200,227,,220.5,,407.5,,270.4,308,206.734,,,
,,239,212,197,224,,215.1,,379.5,245.2,264.8,304.9,201.547,,,
,,239,212,197,218,,212.4,,355,242.4,259.2,301.8,201.547,,,
,,239,209,194,196,,207,,348.2,2389.6,256.4,295.8,198.979,,,
,,239,206,191,192,,207,,341.4,239.6,253.6,290,196.427,,,
,,239,197,182,188,,204.4,,338,,250.8,278.8,196.427,,,
,,239,197,179,182,,201.8,,334.6,,248,270.4,193.892,,,
,,233,191,179,179,,199.2,,334.6,601.2,242.4,267.6,191.374,,,
,,224,188,176,173,,196.6,,327.8,578.5,239.6,264.8,186.386,,,
,,212,182,173,173,,194,,312,569.5,236.8,262,186.386,,,
,,206,176,167,173,,191.4,,314,556,231.3,259.2,181.466,,,
,257,200,170,164,170,,188.8,,308,533.8,231.3,256.4,181.466,,,
,254,197,167,161,170,,183.6,,301.8,516.2,225.9,256.4,181.466,,,
,254,185,164,158,167,,181,,301.8,507.4,225.9,250.8,181.466,,,
,254,179,161,152,167,,178.4,,295.8,949.4,223.2,248,181.466,,,
,260,176,161,149,167,,175.9,,295.8,486,223.2,245.2,181.466,,,
,260,173,155,146,167,,171.1,,290,494.4,217.8,242.4,186.386,,,
,268,173,152,146,159,,171,,287,473.8,2151,236.8,196.427,,,
,276,173,149,140,155,,168.7,,281,462,2124,234,196.427,,,
,268,173,146,134,151,,166.3,,278.8,458.2,2124,231.3,196.427,,,
,260,170,146,131,144,,166.3,,281.6,447,209.7,231.3,188.872,,,
,254,188,140,125,141,,163.9,,278.8,435.9,207,228.6,183.918,,,
,248,200,140,122,138,,161.5,,273.2,425,207,223.2,181.466,,,
,242,209,137,116,135,,161.5,,270.4,421.5,204.4,220.5,176.611,,,
,230,212,137,95,132,,161.5,,270.4,418,199.2,217.8,171.824,,,
,221,203,134,83,132,,161.5,,267.6,407.5,196.6,215.1,167.102,,,
,212,200,131,80,128,,161.5,,262,393.5,199.4,212.4,162.447,,,
,206,200,131,80,120,,159.2,,259.4,372.5,191.4,212.4,157.859,,,
,200,200,119,80,116,,157,,250.8,362,188.8,207,153.337,,,
,194,,,,108,,,,,,,,,,,
,,,,,,,,,,,,,,,,
,,,,,,,,,,,,,,,,
,188,197,,80,100,,150.7,212.4,245.2,351.6,188.8,199.2,153.337,,,
,185,197,,80,94,,146.5,209.7,239.6,348.2,186.2,196.6,151.1,,,
,182,200,,80,93.5,,144.4,209.7,239.6,369,183.6,194,148.881,,,
,176,206,,80,93,,142.3,201.8,234,351.6,183.6,188.8,148.881,,,
,173,206,,80,93,,138.1,194,228.6,344.8,181,186.2,148.881,,,
,173,212,,80,92.5,,136,188.8,223.2,327.8,181,183.2,148.881,,,
,170,215,,80,92.5,,134,183.6,217.8,313.7,175.9,181,144.491,,,
,164,215,,80,92,,132,178.4,212.4,304.9,175.9,175.9,140.168,,,
,161,245,,80,91,,132,173.5,212.4,292.9,175.9,173.5,138.031,,,
,158,234,,80,91,,132,173.5,209.7,284.4,171.1,171.1,142.321,,,
,158,332,,80,90,,132,166.3,207.7,273.2,171.1,163.9,151.1,,,
,155,300,,80,89,,136,163.9,207,262,171.1,159.2,144.491,,,
,152,280,,80,89,,140.2,161.5,204.4,,168.7,152.8,,,,
,152,233,,80,89,,142.3,156.2,201.8,,171.1,150.7,,,,
,146,230,,80,90,,146.5,154.9,199.12,,181,146.5,,,,
,146,230,,80,89,,148.6,152.8,196.6,,194,142.3,,,,
,,227,,80,89,,150.7,150.7,196.6,,207,140.2,,,,
,,218,,80,89,,150.7,146.5,194,,212.4,140.2,,,,
,,218,,80,89,,148.6,144.4,194,,21.4,140.2,,,,
,,260,,80,89,,146.5,142.3,196.6,,201.8,138.1,,,,
,,424,,80,89,,146.5,140.2,201.8,,191.4,138.1,,,,
,,488,,80,89,,144.4,136,209.7,,183.6,138.1,,,,
,,452,,80,89,,148.6,134,215.1,,175.9,136,,,,
,,388,,80,89,,150.7,130,217.8,,168.7,136,,,,
,,320,,80,89,,161.5,128,217.8,,161.5,134,,,,
,,288,,80,89,,166.3,128,228.6,,157,134,,,,
,,392,,80,89,,166.3,124,220.5,,152.8,132,,,,
,,392,,80,89,,166.3,120,217.8,,148.6,132,,,,
,,428,,80,89,,163.9,118,209.7,,146.5,130,,,,
,,432,,80,89,,159.2,118,201.8,,144.4,130,,,,
,,396,,80,89,,157,122,196.6,,142.3,130,,,,
,,372,107,80,89,,152.8,120,191.4,,1381,128,,,,
,,320,101,80,89,,142.3,120,191.4,,1360,128,,,,
,,272,101,80,89,,136,120,186.2,,1340,146.5,,,,
,,239,101,80,89,,134,118,183.6,,1320,146.5,,,,
,,215,95,80,89,,130,114.1,178.4,,130,148.6,,,,
,,191,95,80,89,,124,120,175.9,,130,150.7,,,,
,,176,95,80,89,,128,122,178.4,,134,150.7,,,,
,,158,92,80,89,,130,124,166.3,,152.8,148.6,,,,
,,146,92,80,90,,132,120,159.2,,148.6,144.4,,,,
,,131,92,80,92,,128,120,152.8,,138.1,142.3,,,,
,,116,89,80,92,,122,118,154.9,,132,132,,,,
,,128,92,80,91,,126,118,157,,128,126,,,,
,,116,92,80,90,,112.2,114.1,152,,126,122,,,,
,,110,89,80,90,,122,112.2,152.8,,128,122,,,,
,,125,89,80,93,,126,128,161.5,,128,124,,,,
,,125,89,80,104,,122,108.4,157,,128,132,,,,
,,131,89,80,108,,120,104.6,157,,128,140,,,,
,,113,89,80,100,,112,104.6,159.2,,128,144.4,,,,
,,110,,80,92,,102.7,100.8,157,,128,140.2,,,,
,,131,,80,116,,93.6,97.2,166.3,,128,128,,,,
,,137,,80,120,,86.7,95.4,166.3,,130,120,,,,
,,113,,80,128,,83.3,93.6,166.3,,130,116,,,,
,,116,,80,138,,83.3,91.8,161.5,,130,108.4,,,100.58,
,,110,,80,141,,81.6,90.1,157,,183.6,106.5,,,96.985,
,,110,,80,159,,81.6,88.4,157,,228.6,106.5,,,93.456,
,,125,,80,135,,80,86.7,157,,196.6,100.8,,,111.761,
,,152,,80,108,,80,81.6,148.6,,196.6,98.2,,,111.761,
,,128,,80,94,,77,81.6,148.6,,204.4,100.8,,,113.683,
,,119,,80,91.5,,77,90.1,144.4,,253.6,104.6,,,113.683,
,,125,,80,97,,77,90.1,,,259.2,106.5,,,111.761,
,,,,,,,,,,,,,,,,
,,125,,80,176,,81.6,106.5,146.5,,220.5,1204.6,,,111.761,
,,218,,80,159,,72.5,116,152.8,,212.4,104.6,,,111.761,
,,272,,80,147,,71,124,159.2,,220.5,106.5,,,123.538,
,,376,,80,141,,69.5,140.2,166.3,,207,112.2,,,148.881,
,,400,,80,138,,97.2,150.7,168.7,,199.2,118,,,113.683,
,,404,,80,138,,90.1,124,154.9,,201.8,144.4,,,111.761,
,,340,,80,174,,104.6,118,148.6,,194,270.4,,,146.678,
,,288,,80,124,,150.7,108.4,146.5,,188.8,311.2,,,211.988,
,,236,,80,135,,159.2,88.4,148.6,,209.7,372.5,,,157.859,
,,209,,80,141,,186.2,88.4,144.4,,217.7,601.21,,,135.911,
,,185,,80,151,,191.4,86.7,159.2,,215.1,533.8,,,148.881,
,,197,,80,138,,186.2,88.4,212.4,,248,569.5,,,164.766,
,,236,,122,144,,186.2,90.1,196.6,,250.8,578.5,,,171.824,
,,215,,95,144,,259.2,91.8,188.8,,304.9,538.2,,,209.353,
,,182,,110,128,,486,99,186.2,,290,469.8,,,211.988,
,,182,,110,112,,798,99,223.2,,218.6,421.5,,,201.547,
,,182,,101,138,,583,99,245,,308,358.5,,,188.872,
,,155,,95,135,,454.4,142.3,273.2,,311.2,324.4,,,176.611,
,,158,,89,147,,362,150.7,298.8,126,284.4,292.9,,,171.824,
,,170,,113,116,,327.8,171.1,331.2,99,2362,304.9,,,181.466,
,,161,,276,89,,311.2,166.3,365.5,110.3,267.6,376,,,196.427,
,,149,,230,89,,292.9,207,338,122,253.6,462,,,171.824,
,,191,,212,89,,284.4,248,372.5,122,256.4,376,,,162.447,
,,140,,251,89,,301.8,217.8,454.4,132,270.4,372.5,,,148.881,
,,152,,292,92,,314.4,212.4,439.6,284.4,264.8,362,,,140.168,
,,164,,308,176,,262,220.5,390,278.8,267.6,278.8,,,133.808,
,,173,,304,364,,281.6,245.2,344.8,400.5,259.2,362,,,121.534,
,,134,,308,296,,344.8,245.2,341.8,707,262,376,,,153.337,
,,155,,308,268,,344.8,228.6,355,574,264.8,327.8,,,157.859,
,,203,,328,308,,511.8,191.4,362,656.4,308,301.8,,,144.491,
,,164,,340,352,,803,225.9,365.5,739.2,341.4,273.2,,,167.102,
,,143,,356,280,,938,209.7,358.45,702.4,465.9,298.8,,,211.988,
,,137,,360,388,,808,199.2,379.5,803,443.3,327.8,,,230.899,
,,149,,352,605,,739.2,270.4,369,730,498.7,369,,,250.626,
,,134,,324,372,,702.4,331.2,348.2,533.8,624.2,547,,,461.079,
,,110,,308,300,,684,198.8,372.5,587.5,425,425,,,445.56,
,,110,,324,276,,605.8,276,355,383,358.5,411,,,379.041,
,,122,,368,236,,758.2,418,338,351.6,481.9,486,,,404.265,
,,173,,344,188,,661,486,334.6,418,386.5,542.6,,,301.937,
,,292,,316,124,,783,565,341.4,587.5,414.5,511.8,,,321.198,
,,476,,312,138,,720.8,647.2,331.2,684,793,494.4,,,286.344,
,,444,,276,233,,783,730,362,716.2,688.6,574,,,239.253,
,,645,,272,686,,674.8,813,404,707,679.4,619.6,,,236.452,
,,710,,296,590,,848,920,824,601.2,638,748,,,250.626,
,,595,,324,650,,980,1028,565,473.8,547,884,,,324.467,
,,704,,380,575,,783,1136,1160,542.6,578,763.1,,,334.374,
,,794,,468,580,,730,1244,1184,665.6,587.5,642.6,,,525.841,
,,734,,575,565,,768,1429,1331,633.4,688.6,665.6,,,461.079,
,,698,,872,412,,730,1555,1401,697.8,642.6,1022,,,449.414,
,,1046,,908,352,,803,1681,1387,758.2,693.2,920,,,430.309,
,,1010,,806,352,,902,1818,783,730,716.2,734.6,,,501.052,
,,830,,380,570,,808,1962,803,684,702.4,743.9,,,426.538,
,,986,,306,692,,938,2106,824,818,872,803,,,538.462,
,,1179,,380,500,,1064,2265,860,824,854,830,,,555.525,
,,1004,,908,630,,435.9,2427,1016,783,950,836,,,542.702,
,,722,,1112,560,,418,2499,1058,808,1034,872,,,521.667,
,,668,,962,610,,854,2517,587.5,808,854,830,,,501.052,
,,1214,,902,565,,565,3504,578.5,788,884,808,,,608.329,468.939
,,1494,,872,565,,950,3504,624.2,778,944,854,,,586.033,453.286
,,1410,,1064,656,,1028,3493,743.9,914,848,950,,,635.639,492.923
,,1312,,1298,590,,1076,3482,848,986,842,914,,,791.527,534.238
,,,,,,,,,,,,,,,,
,,1606,,1256,650,,1076,3669,830,902,992,890,,,849.1,505.141
,,1235,,1228,782,,1450,3658,968,968,1184,788,,,925.327,476.867
,,2003,,1172,782,,1401,3515,1106,1136,1380,872,,,859.787,457.174
,1193,2039,,1256,878,,1618,3526,1274,1317,1443,854,,,947.714,581.625
,1438,2138,,1298,926,,2010,3625,1298,1317,1576,974,,,993.299,696.889
,1771,1820,,1207,1016,,2823,4569,1324,1268,1770,1070,,,1010.672,870.542
,1543,1924,,1144,1214,,3250,5066,1359,1555,1639,11789,,,914.235,1069.682
,1585,1780,,1249,1396,,4044,5556,1527,1834,1794,1238,,,1124.236,1142.725
,1756,1932,,2052,1764,,3570,6004,1723,1954,1826,1359,,,1315.986,1124.236
,1836,2228,,2550,2630,,3030,6242,1802,1890,1842,1415,,,1192.775,603.836
,2264,2039,,2470,2300,,2890,6494,1834,1746,1906,1632,,,1004.864,1180.161
2381,2192,1876,1438,2345,2237,,2733,6494,1922,1646,2139,1810,,,1039.966,1243.908
2630,2273,2440,1564,2264,2165,,2751,6550,2130,1746,2860,1922,,,1075.676,1296.125
2540,2111,2400,1692,2336,2291,,2751,6676,2247,1970,3180,1802,,,1250.376,1335.999
2780,2590,2530,2138,2039,2273,,2742,6774,2301,2256,3603,1646,,,1799.327,1136.545
2890,2600,2174,1949,2174,2410,,2832,6928,2418,1842,3460,1702,,,1566.22,1034.073
2660,2790,2381,2039,2550,2610,,2715,7054,2544,3526,3537,2058,,,6923.945,1034.073
2670,4127,2183,1812,2430,2670,,2688,5794,3070,3270,3260,2034,,,1263.362,827.928
2680,3940,2381,2273,2560,2410,,3020,6886,3100,3603,3120,2034,,,1250.376,1069.682
2630,3940,2318,2093,2820,2327,,3416,6466,3170,4056,2742,2724,,,1296.125,1180.161
3522,4450,2390,2690,3350,2147,,3559,6186,3120,4008,2860,2544,,,1342.704,1237.457
3310,4061,3130,3170,3420,2420,,4322,6130,3220,4800,2860,2688,,,1369.694,1410.687
3764,3764,3478,3160,3995,2345,,4940,6354,3240,5528,2733,2472,,,1390.114,1417.579
3874,3874,4510,3150,4149,2237,,4374,6690,3482,4348,2850,2409.9,,,1537.33,1515.841
3808,3951,4510,3090,4226,2273,,3625,6480,4104,3482,3750,2391,,,1729.969,1595.381
3390,4039,4378,3230,3764,2327,,3290,6452,4104,4218,3372,2796,,,2015.665,1566.22
3130,4627,4318,3566,3775,2590,,3592,6074,4231,4244,3603,3020,,,2522.359,1745.263
4072,5446,5186,4174,3300,2530,,4104,6354,4153,5038,4608,3757,,,2739.17,2115.797
4731,5459,5641,4259,3370,2710,,4166,6508,4192,4816,4842,4056,,,2385.822,2288.133
4330,5342,5212,5485,3330,2710,,4786,6536,4205,4828,4543,3691,,,2777.798,2141.213
3874,500,4926,5922,3764,2550,,4982,6396,3900,4504,4080,4205,,,3189.49,2288.133
4770,5251,6145,5824,4270,2940,,5640,7264,,4140,4056,4543,,,2865.71,2476.42
5824,6010,6160,5212,4083,3350,,5206,7488,,3984,3559,4504,,,2634.352,2643.795
5980,5936,7585,5277,3918,3599,,4439,7348,4768,3996,4032,4996,,,2559.417,2975.036
4939,5667,8636,4294,3962,3665,,5346,6592,5178,3900,3984,4800,,,2826.467,3179.107
5134,5852,7872,3442,4510,3709,,6116,6494,5892,3900,3948,4926,,,3086.429,3189.49
6040,6160,7345,5745,6700,3654,,5262,6186,4153,4008,3960,5668,,,2935.042,2985.077
5498,5134,6385,5732,7954,3907,,5220,6228,4478,4128,4116,5164,,,2787.498,3106.904
5745,4770,6655,5550,7744,3621,,5472,6130,5934,4244,4361,4452,,,2905.225,2925.086
5537,4991,6370,5277,6760,3698,,5808,6774,,4608,4582,4218,,,3220.741,3241.661
5922,5472,6460,5693,5277,4028,,5948,6228,,5122,4153,3960,,,3336.647,3241.661
5654,5950,7150,6355,6055,3984,,6662,6228,,5290,4582,3936,,,3798.239,3498.036
5719,5880,7120,4995,6460,3555,,7735,6774,,5850,4926,4530,,,4182.109,4005.31
6220,5381,8277,8175,6295,3687,,7814,6102,,7110,4730,4800,,,3508.932,3674.428
6460,5134,7045,7648,6160,3731,,7082,8350,,7334,4800,4517,,,3379.308,3730.449
6280,5264,7270,8962,6040,3698,,6326,6214,,7418,4898,4419,,,4241.899,4052.079
5880,5251,7000,6805,6490,4848,,7096,6354,,6858,4772,4543,,,3958.814,4229.907
6280,4991,8277,7135,6640,5316,,7068,6144,,5570,5248,5122,,,3775.574,4265.936
5810,5251,9750,7510,6565,4705,,6550,5262,,6242,5962,5346,,,3866.646,4290.04
5852,5511,10000,7150,7120,4498,,6634,6130,,6424,5570,4968,,,3843.775,4411.592
5602,5225,9342,6985,7664,4426,,6480,6718,,5164,5136,5052,,,4005.31,1974.667
5628,5824,6925,7015,7030,3852,,6256,7306,,4898,5080,4452,,,4350.602,4497.699
5355,6100,6550,9266,6325,3852,,6886,7927,,4374,5206,3889,,,4485.347,4634.708
5550,5524,6565,9741,6250,3995,,6718,8063,,4044,5150,4044,,,4362.766,4812.087
6490,4874,6250,7776,5810,3808,,6480,6606,,4582,4530,3948,,,4863.384,5651.941
6790,5160,7480,7495,5368,4028,,5878,5150,,4179,4465,4032,,,4761.064,5418.596
6310,6554,7135,7480,5303,4237,,5416,5612,,3996,4543,3900,,,4510.069,5610.402
5894,5719,6355,6955,6010,3786,,4940,5570,,4283,4439,3867,,,4326.326,6515.243
5550,5225,6385,6595,5980,3350,,4361,5178,,4439,4192,3889,,,4547.281,6604.981
5654,4900,6010,6670,6475,3100,,5290,5024,4504,4413,4556,3984,,,4597.136,6589.981
5446,4588,5852,6520,6655,3250,,5570,3984,4491,4702,4634,4153,,,4460.693,6485.468
5303,4116,5433,6895,5732,2870,,5080,3948,5584,4758,4413,3812,,,4241.899,6500.347
5576,3896,5498,6775,5980,2670,,4595,3878,5570,4413,4205,4270,,,3993.66,6877.913
5758,3896,5082,6550,5880,2730,,4400,3924,5528,4387,4413,4068,,,3798.239,6816.779
6220,3808,4991,5589,5824,2990,,4660,3823,5542,4688,4413,3460,,,3618.835,6455.762
5615,3544,4536,5936,5732,2920,,4244,3636,5472,4744,4569,3383,,,3552.688,6337.627
6430,3533,4378,5706,5980,2820,,4361,3912,5416,4556,4856,3438,,,3596.717,6235.162
6040,3412,4731,5511,5394,2780,,4702,3878,5388,4491,4348,3300,,,3400.741,6104.661
6400,3478,5134,5368,5108,3130,,4996,3614,5332,4556,4104,3190,,,3498.036,5961.294
5866,3665,5290,4861,4936,3120,,5108,3548,5276,3887,3735,2890,,,3476.295,6090.247
5797,3599,5043,4887,5680,3110,,5276,3504,5248,4231,3515,2960,,,3530.776,6500.347
5654,3665,4991,4978,5472,3030,,5388,3427,5192,4166,3647,3060,,,3719.21,6786.316
5420,3797,4861,4731,4390,2990,,4954,3361,5136,4192,3702,3300,,,3641.021,6740.749
5459,3742,4770,4900,4237,2870,,5444,2940,5122,4361,3912,3416,,,3422.242,6650.082
5043,3698,4978,5147,3984,3120,,4800,2870,5108,4426,4068,3290,,,3252.147,6604.981
4822,3830,4588,5134,3951,3380,,4296,2980,5052,4361,4128,3330,,,3086.429,6665.15
5004,3720,4822,4848,4094,3500,,4244,2860,4996,4361,4465,3340,,,3168.741,6939.323
5108,3522,4809,4835,4204,3140,,4348,2850,4926,4374,4758,3460,,,3231.193,7250.506
5004,3632,4342,4229,4215,2970,,4205,2823,4940,4283,4996,3746,,,3304.831,7649.181
4822,3742,4017,4116,4474,2760,,4140,2878,4926,4179,4842,3801,,,3252.147,7893.558
5108,3929,3841,3885,4402,2620,,4465,2526,4870,4218,4465,3581,,,3106.904,7942.9
5173,3610,3797,4127,4193,2480,,4032,2274,4828,4322,4218,3625,,,3076.217,7746.466
4874,3808,3555,4226,4138,2530,,4400,2247,4772,4348,4020,3559,,,2945.014,7536.466
4861,3808,3478,3984,3918,2770,,5094,1946,4758,4335,3823,3361,,,2777.798,7376.91
4978,3588,3643,4270,3676,2880,,4608,1930,4688,4205,3948,3150,,,2700.816,7234.784
4965,3610,3610,3852,3566,3200,,4426,1898,4634,4056,3845,3190,,,2531.598,6954.719
4887,3918,4462,3555,3380,3456,,4491,1874,4595,3936,3856,3270,,,2578.048,6816.779
4952,4028,3676,3160,3401,3360,,4257,1794,4556,3812,3823,3100,,,2748.802,6574.999
4926,3896,3140,3370,3260,3100,,4218,1702,4517,3669,3856,2832,,,2710.379,6352.333
4354,3588,2980,3588,3350,2630,,4688,1681,4517,3493,4257,2697,,,2559.417,6206.041
4138,3830,2790,3599,3250,2430,,4660,1723,4413,3290,4517,2796,,,2430.908,5989.83
3918,3830,2700,3819,3200,2390,,4621,1625,4309,3110,4128,2890,,,2270.592,5833.735
,,,,,,,,,,,,,,,,
3808,4149,2500,3918,3150,2120,,4104,1604,4283,3040,4413,2990,,,2082.148,5693.636
3652,3951,2354,4083,3090,1949,,3801,1576,4257,2950,4413,2796,,,1999.215,5596.59
4028,3698,2210,3863,3070,1852,,3603,1597,,2850,4556,2589,,,2032.184,5486.711
4462,3687,2120,3698,2930,1780,,3350,1611,,2724,4426,2328,,,2270.592,5391.47
,3632,2066,3200,2870,1804,,3702,1590,,2634,4348,2082,,,2449.062,5283.654
5420,3709,2165,3070,3140,1836,,3438,1618,,2643,3972,1922,,,2578.048,5203.514
6295,3907,2084,3240,3330,1772,,3160,1604,,2706,3834,1794,,,2578.048,5123.992
7030,3907,2039,3360,2950,1692,,3020,1625,,2697,3889,1688,,,2615.516,5058.196
7030,3676,1958,3643,2740,1564,,2661,1576,,2634,3658,1604,,,2710.379,4979.808
6850,3180,1994,3270,2590,1466,,2499,1583,,2526,3581,1527,,,2700.816,4812.087
5745,2910,1836,3230,2460,1389,,2337,1597,,2427,3471,1506,,,2485.574,3262.649
5069,2700,1812,3110,2410,1375,,2211,1604,,2409,3350,1499,,,2270.592,3035.539
4731,2460,1748,3090,2210,1284,,2074,1590,,2409,3110,1422,,,2305.741,2995.135
4354,2264,1636,2870,2138,1235,,2002,1611,,2409,2880,1387,,,2305.741,2965.011
3984,2120,1557,2710,2030,1186,,1922,1583,,2436,2733,1366,,,2201.113,2965.011
3665,2003,1375,2530,1924,1124,,1942,1569,,2400,2778,1352,,,1729.969,2985.077
3555,1892,1459,2390,1892,1094,,1770,1576,,2392,2733,1298,,,1573.485,3045.683
3350,1796,1424,2580,1780,1094,,1709,1555,,2157,2652,1345,,,1692.031,3005.211
3210,1724,1375,2460,1708,1070,,1667,1562,,2122,2472,1408,,,1999.215,2985.077
3010,1668,1368,2264,1700,1118,,1625,1625,,2122,2220,1422,,,2261.848,2965.011
2790,1628,1368,2093,1668,1082,,1562,1611,,2130,2050,1443,,,2513.137,2945.014
2610,1592,1347,1994,1620,1052,,1513,1597,,2148,1938,1443,,,2691.27,2935.042
2490,1550,1354,1908,1652,1064,,1464,1590,,2130,1874,1576,,,2846.054,2925.086
2363,1494,1319,1940,1578,1010,,1415,1548,,2139,1818,1499,,,2985.077,2875.563
2246,1417,1291,1836,1564,968,,1373,1569,,2098,1770,1506,,,3106.904,2875.563
2156,1368,1235,1892,1585,950,,1345,1583,,2090,1695,1485,,,3210.307,2865.71
2066,1326,1207,1868,1772,914,,1331,1562,1082,2114,1653,1408,,,3315.419,2846.054
2003,1319,1137,1836,1884,884,,1298,1534,1070,2202,1597,1310,,,3400.741,2826.467
1932,1094,1070,1764,1884,872,,1286,1548,1058,2409,1541,1232,,,3487.157,2806.948
1876,1284,118,1684,1876,836,,1298,1541,1028,2616,1499,1172,,,3552.688,2797.215
1796,1221,1064,1724,1812,824,,1331,1520,998,2661,1492,1124,,,3629.919,2777.798
1716,1165,1046,1644,1652,872,,1352,1506,980,2742,1478,1070,,,3707.989,2758.45
1628,1118,998,1592,1564,920,,1286,1076,962,2880,1408,1028,,,3775.574,2739.17
1564,1082,956,1543,1515,854,,1220,1436,950,2920,1338,992,,,3843.775,2719.959
1522,1046,950,1473,1494,812,,1196,1366,944,2832,1280,956,,,3843.775,2700.816
1480,980,914,1389,1403,818,,1196,1380,920,2634,1232,926,,,3843.775,2681.741
1452,986,878,1319,1249,836,,1124,1352,908,2409,1190,908,,,3843.775,2672.229
1410,962,758,1284,1221,806,,1070,1324,884,2193,1154,890,,,3855.202,2653.256
1382,926,728,1228,1193,776,,1034,1310,878,2026,1118,872,,,3912.593,2634.352
1354,890,740,1193,1172,758,,1004,1292,872,1898,1088,848,,,3970.413,2624.925
1340,872,752,1151,1158,734,,974,1274,860,1778,1064,,,,3993.66,2606.123
1312,842,860,1130,1112,728,,944,1250,854,1660,1040,,,,4028.66,2587.39
1377,724,812,1082,1076,704,,920,1226,842,1562,1016,,,,4040.361,2550.127
1242,794,788,1034,1058,698,,908,1160,830,1485,998,,,,,2522.359
1235,770,746,998,1221,692,,878,1112,824,1415,980,,,,,2503.933
1284,734,740,974,1165,668,,848,1070,831,1352,956,,,,,2485.574
1410,722,716,932,1165,668,,830,1052,803,1298,968,,,,,2458.164
1606,692,698,908,1186,668,,813,1040,803,1250,974,,,,,2430.908
1908,692,692,884,1151,662,,798,1034,793,1202,974,,,,,2412.823
1684,728,656,860,1130,620,,783,1028,778,1160,974,,,,,2403.805
1529,740,674,836,1118,585,,773,1010,758.2,1118,932,,,,,2385.822
1452,746,625,812,1182,560,,748.6,968,748.6,1082,896,,,,,2367.907
1424,752,610,782,1082,555,,725.4,968,743.9,1046,860,,,,,2350.06
1424,752,734,770,1052,555,,711.6,878,739.2,1010,830,,,,,2323.417
1522,740,728,746,992,555,,693.2,830,730,974,808,,,,,2314.571
1445,716,645,728,956,55,,679.4,803,720,944,511.8,,,,,2305.741
1361,674,575,722,866,54,,665.6,783,711.6,908,507.4,,,,,2288.133
1256,645,550,692,848,545,,661,773,702.4,884,503,,,,,2261.848
1200,620,540,674,836,550,,647.2,739.2,693.2,860,516.2,,,,,2235.717
1200,600,525,650,818,540,,633.4,730,679.4,836,529.4,,,,,2201.113
1214,580,540,635,794,515,,624.2,725.4,665.6,818,525,,,,,2166.782
,,,,,,,,,,,,,,,,
1242,560,525,620,752,545,,615,716.2,656.4,803,529.4,,,,,2149.719
1186,545,505,605,734,472,,605,711.6,651.8,783,53.8,,,,,2132.724
1106,535,496,590,686,444,,596.6,697.8,633.4,763.1,542.6,,,,,2098.938
1058,520,484,580,662,432,,592,688.6,628.8,739.2,542.6,,,,,2057.089
1010,510,464,565,635,408,,578.5,684,610.4,725.4,547,,,,,2032.184
968,505,460,550,625,376,,574,679.4,605.8,711.6,556,,,,,2007.432
926,492,456,540,595,368,,560.5,665.6,601.2,693.2,556,,,,,1974.667
902,480,440,530,585,364,,556,651.8,596.6,679.4,542.6,,,,,1950.272
878,468,420,520,575,360,,547,647.2,592,665.6,542.6,,,,,1926.031
842,436,336,505,570,356,,538.2,642.6,583,656.4,547,,,,,1901.942
818,452,396,500,545,352,,525,638,578.5,642.6,538.2,,,,,1862.135
794,440,380,496,535,340,,516.2,628.8,569.5,628.8,533.8,,,,,1830.595
770,436,380,480,515,324,,503,624.2,565,619.6,529.4,,,,,1791.552
746,420,368,456,505,312,,490.2,615,556,610.4,525,,,,,1745.263
722,412,364,452,488,300,,477.8,615,542.6,610.4,520.6,,,,,1714.743
710,404,360,448,480,300,,469.8,605.8,538.2,601.2,511.8,,,,,1692.031
686,404,364,444,472,288,,462,596.6,533.8,596.6,507.4,,,,,1676.975
674,400,352,432,452,280,,462,583,525,592,503,,,,,1661.987
650,400,348,424,440,268,,450.7,560.5,516.2,583,507.4,,,,,1654.518
635,396,344,416,440,264,,439.6,533.8,511.8,574,516.2,,,,,1624.814
620,384,336,400,424,260,,425,525,507.4,569,525,,,,,1595.381
600,376,332,392,420,248,,418,511.8,503,565,529.4,,,,,1566.22
590,372,324,380,416,239,,411,503,494.4,565,520.6,,,,,1537.33
570,360,316,376,416,239,,407.5,494.4,486,551.5,511.8,,,,,1522.987
560,356,308,372,412,236,,400.5,486,477.8,533.8,498.7,,,,,
550,352,304,364,412,233,,393.5,477.8,469.8,,494.4,,,,,
540,344,296,352,412,230,,386.5,473.8,465.9,,486,,,,,
530,340,296,348,400,227,,383,462,462,,477.8,,,,,
520,336,288,340,396,224,,376,450.7,454.4,,473.8,,,,,
500,332,284,336,396,221,,372.5,443.3,447,,465.9,,,,,
492,324,280,332,392,218,,372.5,439.6,439.6,,465.9,,,,,
